{"cameraMode":{"drawMode":0,"name":"Shaded","section":"Shading Mode"},"sceneLighting":false,"audioPlay":false,"sceneViewState":{"showFog":true,"showMaterialUpdate":false,"showSkybox":false,"showFlares":true,"showImageEffects":true,"showParticleSystems":true},"in2DMode":false,"pivot":{"x":1.8669555187225342,"y":-0.5390491485595703,"z":-0.1416606903076172},"rotation":{"x":-0.2681198716163635,"y":0.04911798611283302,"z":-0.013682148419320584,"w":-0.9620591998100281},"size":15.951717376708985,"orthographic":false}