{"cameraMode":{"drawMode":0,"name":"Shaded","section":"Shading Mode"},"sceneLighting":false,"audioPlay":false,"sceneViewState":{"showFog":true,"showMaterialUpdate":false,"showSkybox":false,"showFlares":true,"showImageEffects":true,"showParticleSystems":true},"in2DMode":false,"pivot":{"x":0.15198440849781037,"y":0.29053258895874026,"z":-6.98536491394043},"rotation":{"x":0.22691959142684937,"y":0.0008616955601610243,"z":-0.0001751843374222517,"w":0.9739271402359009},"size":6.292928218841553,"orthographic":false}