{"cameraMode":{"drawMode":0,"name":"Shaded","section":"Shading Mode"},"sceneLighting":false,"audioPlay":false,"sceneViewState":{"showFog":true,"showMaterialUpdate":false,"showSkybox":false,"showFlares":true,"showImageEffects":true,"showParticleSystems":true},"in2DMode":false,"pivot":{"x":-0.10529237240552902,"y":-0.6170915365219116,"z":-0.9637461304664612},"rotation":{"x":0.03663265332579613,"y":-0.930727481842041,"z":0.35065758228302,"w":0.09723325818777085},"size":0.9263617396354675,"orthographic":false}