{"cameraMode":{"drawMode":0,"name":"Shaded","section":"Shading Mode"},"sceneLighting":false,"audioPlay":false,"sceneViewState":{"showFog":true,"showMaterialUpdate":false,"showSkybox":false,"showFlares":true,"showImageEffects":true,"showParticleSystems":true},"in2DMode":false,"pivot":{"x":-1.0626249313354493,"y":3.2612829208374025,"z":-5.233310699462891},"rotation":{"x":-0.1408393830060959,"y":0.005358366761356592,"z":-0.0007646628655493259,"w":-0.9900255799293518},"size":8.73933219909668,"orthographic":false}