{"cameraMode":{"drawMode":0,"name":"Shaded","section":"Shading Mode"},"sceneLighting":false,"audioPlay":false,"sceneViewState":{"showFog":true,"showMaterialUpdate":false,"showSkybox":false,"showFlares":true,"showImageEffects":true,"showParticleSystems":true},"in2DMode":false,"pivot":{"x":-2.1512677669525148,"y":0.23635250329971314,"z":-7.151083469390869},"rotation":{"x":0.33277225494384768,"y":0.26530930399894717,"z":-0.09814328700304032,"w":0.8995788097381592},"size":0.3734888434410095,"orthographic":false}