{"cameraMode":{"drawMode":0,"name":"Shaded","section":"Shading Mode"},"sceneLighting":false,"audioPlay":false,"sceneViewState":{"showFog":true,"showMaterialUpdate":false,"showSkybox":false,"showFlares":true,"showImageEffects":true,"showParticleSystems":true},"in2DMode":false,"pivot":{"x":-0.8090757131576538,"y":0.6890938878059387,"z":0.025428757071495057},"rotation":{"x":0.2902526259422302,"y":-0.26446491479873659,"z":0.08384156227111817,"w":0.9158653616905212},"size":1.2043039798736573,"orthographic":false}