{"cameraMode":{"drawMode":0,"name":"Shaded","section":"Shading Mode"},"sceneLighting":false,"audioPlay":false,"sceneViewState":{"showFog":true,"showMaterialUpdate":false,"showSkybox":false,"showFlares":true,"showImageEffects":true,"showParticleSystems":true},"in2DMode":false,"pivot":{"x":1.3086146116256714,"y":0.21666115522384644,"z":0.5182232856750488},"rotation":{"x":0.10565367341041565,"y":-0.03342411294579506,"z":0.0035761832259595396,"w":0.9938486218452454},"size":2.311877727508545,"orthographic":false}