{"cameraMode":{"drawMode":0,"name":"Shaded","section":"Shading Mode"},"sceneLighting":false,"audioPlay":false,"sceneViewState":{"showFog":true,"showMaterialUpdate":false,"showSkybox":false,"showFlares":true,"showImageEffects":true,"showParticleSystems":true},"in2DMode":false,"pivot":{"x":-1.3264343738555909,"y":0.025925278663635255,"z":-2.132565975189209},"rotation":{"x":0.2902526259422302,"y":-0.26446491479873659,"z":0.08384156227111817,"w":0.9158653616905212},"size":0.4764000475406647,"orthographic":false}