{"cameraMode":{"drawMode":0,"name":"Shaded","section":"Shading Mode"},"sceneLighting":false,"audioPlay":false,"sceneViewState":{"showFog":true,"showMaterialUpdate":false,"showSkybox":false,"showFlares":true,"showImageEffects":true,"showParticleSystems":true},"in2DMode":false,"pivot":{"x":-0.0012676715850830079,"y":-0.4393974840641022,"z":-0.0010833293199539185},"rotation":{"x":0.33277225494384768,"y":0.26530930399894717,"z":-0.09814328700304032,"w":0.8995788097381592},"size":0.3733287453651428,"orthographic":false}