{"cameraMode":{"drawMode":0,"name":"Shaded","section":"Shading Mode"},"sceneLighting":true,"audioPlay":false,"sceneViewState":{"showFog":true,"showMaterialUpdate":false,"showSkybox":true,"showFlares":true,"showImageEffects":true,"showParticleSystems":true},"in2DMode":false,"pivot":{"x":-0.16156864166259767,"y":3.0023818016052248,"z":1.0308377742767335},"rotation":{"x":-0.0834900513291359,"y":0.6183066368103027,"z":-0.06629189848899842,"w":-0.7786832451820374},"size":3.6247448921203615,"orthographic":false}