{"cameraMode":{"drawMode":0,"name":"Shaded","section":"Shading Mode"},"sceneLighting":false,"audioPlay":false,"sceneViewState":{"showFog":true,"showMaterialUpdate":false,"showSkybox":false,"showFlares":true,"showImageEffects":true,"showParticleSystems":true},"in2DMode":false,"pivot":{"x":-0.541512668132782,"y":-4.392724990844727,"z":-9.377641677856446},"rotation":{"x":-0.292948842048645,"y":-0.0037318312097340824,"z":0.0011437286157160998,"w":-0.9561268091201782},"size":11.027969360351563,"orthographic":false}